<?xml version="1.0" encoding="UTF-8"?>
<project xmlns="http://maven.apache.org/POM/4.0.0"
         xmlns:xsi="http://www.w3.org/2001/XMLSchema-instance"
         xsi:schemaLocation="http://maven.apache.org/POM/4.0.0 http://maven.apache.org/xsd/maven-4.0.0.xsd">
<modelVersion>4.0.0</modelVersion>
<groupId>org.example</groupId>
<artifactId>TestNG_Demo</artifactId>
<version>1.0-SNAPSHOT</version>

<properties>
    <maven.compiler.source>1.8</maven.compiler.source>
    <maven.compiler.target>1.8</maven.compiler.target>
</properties>

<dependencies>
    <dependency>
        <groupId>org.testng</groupId>
        <artifactId>testng</artifactId>
        <version>7.5</version>
        <scope>test</scope>
    </dependency>
    <dependency>
        <groupId>org.slf4j</groupId>
        <artifactId>slf4j-nop</artifactId>
        <version>1.7.28</version>
        <scope>test</scope>
    </dependency>
    <dependency>
        <groupId>org.seleniumhq.selenium</groupId>
        <artifactId>selenium-java</artifactId>
        <version>3.141.59</version>
    </dependency>
    <dependency>
        <groupId>org.seleniumhq.selenium</groupId>
        <artifactId>selenium-remote-driver</artifactId>
        <version>3.141.59</version>
    </dependency>
    <dependency>
        <groupId>org.seleniumhq.selenium</groupId>
        <artifactId>selenium-chrome-driver</artifactId>
        <version>3.141.59</version>
    </dependency>
    <dependency>
        <groupId>junit</groupId>
        <artifactId>junit</artifactId>
        <version>4.12</version>
        <scope>test</scope>
    </dependency>
    <dependency>
        <groupId>org.apache.httpcomponents</groupId>
        <artifactId>httpclient</artifactId>
        <version>4.5.13</version>
    </dependency>
    <dependency>
        <groupId>org.uncommons</groupId>
        <artifactId>reportng</artifactId>
        <version>1.1.4</version>
    </dependency>
    <dependency>
        <groupId>com.google.inject</groupId>
        <artifactId>guice</artifactId>
        <version>4.2.2</version>
    </dependency>
    <dependency>
        <groupId>org.apache.maven.plugins</groupId>
        <artifactId>maven-surefire-plugin</artifactId>
        <version>3.0.0-M5</version>
        <type>maven-plugin</type>
    </dependency>
    <dependency>
        <groupId>com.relevantcodes</groupId>
        <artifactId>extentreports</artifactId>
        <version>2.41.2</version>
    </dependency>
</dependencies>

	<build>
        <defaultGoal>install</defaultGoal>
        <plugins>
            <plugin>
                <artifactId>maven-compiler-plugin</artifactId>
                <version>3.7.0</version>
                <configuration>
                    <source>1.8</source>
                    <target>1.8</target>
                </configuration>
            </plugin>
            <plugin>
              <executions>
                  <execution>
                      <phase>test</phase>
                      <goals>
                          <goal>test</goal>
                      </goals>
                  </execution>
              </executions>
              <groupId>org.apache.maven.plugins</groupId>
              <artifactId>maven-surefire-plugin</artifactId>
              <version>3.0.0-M5</version>
              <configuration>
                  <properties>
                    <property>
                      <name>usedefaultlisteners</name>
                      <value>false</value>
                    </property>
                    <property>
                        <name>listener</name>
                        <value>org.uncommons.reportng.HTMLReporter,
                               org.uncommons.reportng.JUnitXMLReporter
                        </value>
                    </property>
                  </properties>
                  <suiteXmlFiles>
                      <suiteXmlFile>xml/testng_${platname}.xml</suiteXmlFile>
                  </suiteXmlFiles>
                  <reuseForks>true</reuseForks>
                  <forkCount>1</forkCount>
                </configuration>
            </plugin>
            <plugin>
                <groupId>org.apache.maven.plugins</groupId>
                <artifactId>maven-surefire-report-plugin</artifactId>
                <version>3.0.0-M5</version>
            </plugin>
        </plugins>
    </build>
</project>
